{
	"credit": "Made with Blockbench",
	"parent": "minecraft:warped_fence_gate",
	"textures": {
		"2": "minecraft:block/light_gray_concrete",
		"3": "minecraft:block/black_concrete_powder",
		"4": "minecraft:block/white_concrete",
		"5": "minecraft:block/red_concrete",
		"6": "minecraft:block/logostar",
		"7": "minecraft:block/lime_concrete",
		"8": "minecraft:block/light_blue_concrete",
		"9": "minecraft:block/light_blue_shulker_box",
		"particle": "minecraft:block/lime_concrete"
	},
	"elements": [
		{
			"from": [2, 0, 4],
			"to": [14, 2, 12.2],
			"faces": {
				"north": {"uv": [0, 0, 14, 4], "texture": "#4"},
				"east": {"uv": [0, 0, 10.2, 4], "texture": "#4"},
				"south": {"uv": [0, 0, 14, 4], "texture": "#4"},
				"west": {"uv": [0, 0, 10.2, 4], "texture": "#4"},
				"up": {"uv": [0, 0, 14, 10.2], "texture": "#4"},
				"down": {"uv": [0, 0, 14, 10.2], "texture": "#4"}
			}
		},
		{
			"from": [3, 1, 6],
			"to": [13, 2, 11],
			"color": 3,
			"faces": {
				"north": {"uv": [0, 0, 10, 1], "texture": "#missing"},
				"east": {"uv": [0, 0, 5, 1], "texture": "#missing"},
				"south": {"uv": [0, 0, 10, 1], "texture": "#missing"},
				"west": {"uv": [0, 0, 5, 1], "texture": "#missing"},
				"up": {"uv": [0, 0, 10, 5], "texture": "#missing"},
				"down": {"uv": [0, 0, 10, 5], "texture": "#missing"}
			}
		},
		{
			"from": [5, -2, 6],
			"to": [13, 0, 12],
			"rotation": {"angle": -22.5, "axis": "x", "origin": [0, 0, 0]},
			"faces": {
				"north": {"uv": [0, 0, 8, 2], "rotation": 180, "texture": "#4"},
				"east": {"uv": [0, 0, 2, 6], "rotation": 270, "texture": "#4"},
				"south": {"uv": [0, 0, 8, 2], "texture": "#4"},
				"west": {"uv": [0, 0, 2, 6], "rotation": 90, "texture": "#4"},
				"up": {"uv": [0, 0, 16, 16], "rotation": 180, "texture": "#4"},
				"down": {"uv": [0, 0, 8, 6], "texture": "#4"}
			}
		},
		{
			"from": [5, -3, 9],
			"to": [13, -2, 12],
			"rotation": {"angle": -22.5, "axis": "x", "origin": [0, 0, 0]},
			"faces": {
				"north": {"uv": [0, 0, 8, 1], "texture": "#4"},
				"east": {"uv": [0, 0, 3, 1], "texture": "#4"},
				"south": {"uv": [0, 0, 8, 1], "texture": "#4"},
				"west": {"uv": [0, 0, 3, 1], "texture": "#4"},
				"up": {"uv": [0, 0, 8, 3], "texture": "#4"},
				"down": {"uv": [0, 0, 8, 3], "texture": "#4"}
			}
		},
		{
			"from": [3, 2, 11],
			"to": [4, 8, 12],
			"faces": {
				"north": {"uv": [0, 0, 1, 6], "texture": "#4"},
				"east": {"uv": [0, 0, 1, 6], "texture": "#4"},
				"south": {"uv": [0, 0, 1, 6], "texture": "#4"},
				"west": {"uv": [0, 0, 1, 6], "texture": "#4"},
				"up": {"uv": [0, 0, 1, 1], "texture": "#4"},
				"down": {"uv": [0, 0, 1, 1], "texture": "#4"}
			}
		},
		{
			"from": [5, 8, 9],
			"to": [10, 10, 10],
			"rotation": {"angle": -22.5, "axis": "y", "origin": [0, 0, 0]},
			"faces": {
				"north": {"uv": [0, 0, 5, 2], "texture": "#4"},
				"east": {"uv": [0, 0, 1, 2], "texture": "#4"},
				"south": {"uv": [0, 0, 5, 2], "texture": "#4"},
				"west": {"uv": [0, 0, 1, 2], "texture": "#4"},
				"up": {"uv": [0, 0, 5, 1], "rotation": 180, "texture": "#4"},
				"down": {"uv": [0, 0, 5, 1], "rotation": 180, "texture": "#4"}
			}
		},
		{
			"from": [11, 0, 7],
			"to": [11.8, 0.2, 8],
			"rotation": {"angle": -22.5, "axis": "x", "origin": [0, 0, 0]},
			"faces": {
				"north": {"uv": [0, 0, 0.8, 0.2], "rotation": 180, "texture": "#7"},
				"east": {"uv": [0, 0, 0.2, 1], "rotation": 270, "texture": "#7"},
				"south": {"uv": [0, 0, 0.8, 0.2], "texture": "#7"},
				"west": {"uv": [0, 0, 0.2, 1], "rotation": 90, "texture": "#7"},
				"up": {"uv": [0, 0, 0.8, 1], "rotation": 180, "texture": "#7"},
				"down": {"uv": [0, 0, 0.8, 1], "texture": "#7"}
			}
		},
		{
			"from": [10, 0, 7],
			"to": [10.8, 0.2, 8],
			"rotation": {"angle": -22.5, "axis": "x", "origin": [0, 0, 0]},
			"faces": {
				"north": {"uv": [0, 0, 0.8, 0.2], "rotation": 180, "texture": "#5"},
				"east": {"uv": [0, 0, 0.2, 1], "rotation": 270, "texture": "#5"},
				"south": {"uv": [0, 0, 0.8, 0.2], "texture": "#5"},
				"west": {"uv": [0, 0, 0.2, 1], "rotation": 90, "texture": "#5"},
				"up": {"uv": [0, 0, 0.8, 1], "rotation": 180, "texture": "#5"},
				"down": {"uv": [0, 0, 0.8, 1], "texture": "#5"}
			}
		},
		{
			"from": [9, 0, 7],
			"to": [9.8, 0.2, 8],
			"rotation": {"angle": -22.5, "axis": "x", "origin": [0, 0, 0]},
			"faces": {
				"north": {"uv": [0, 0, 0.8, 0.2], "rotation": 180, "texture": "#8"},
				"east": {"uv": [0, 0, 0.2, 1], "rotation": 270, "texture": "#8"},
				"south": {"uv": [0, 0, 0.8, 0.2], "texture": "#8"},
				"west": {"uv": [0, 0, 0.2, 1], "rotation": 90, "texture": "#8"},
				"up": {"uv": [6, 7, 6.8, 8], "rotation": 180, "texture": "#9"},
				"down": {"uv": [0, 0, 0.8, 1], "texture": "#8"}
			}
		},
		{
			"from": [11, 0, 8.2],
			"to": [11.8, 0.2, 9.2],
			"rotation": {"angle": -22.5, "axis": "x", "origin": [0, 0, 0]},
			"faces": {
				"north": {"uv": [0, 0, 0.8, 0.2], "rotation": 180, "texture": "#7"},
				"east": {"uv": [0, 0, 0.2, 1], "rotation": 270, "texture": "#7"},
				"south": {"uv": [0, 0, 0.8, 0.2], "texture": "#7"},
				"west": {"uv": [0, 0, 0.2, 1], "rotation": 90, "texture": "#7"},
				"up": {"uv": [0, 0, 0.8, 1], "rotation": 180, "texture": "#7"},
				"down": {"uv": [0, 0, 0.8, 1], "texture": "#7"}
			}
		},
		{
			"from": [10, 0, 8.2],
			"to": [10.8, 0.2, 9.2],
			"rotation": {"angle": -22.5, "axis": "x", "origin": [0, 0, 0]},
			"faces": {
				"north": {"uv": [0, 0, 0.8, 0.2], "rotation": 180, "texture": "#5"},
				"east": {"uv": [0, 0, 0.2, 1], "rotation": 270, "texture": "#5"},
				"south": {"uv": [0, 0, 0.8, 0.2], "texture": "#5"},
				"west": {"uv": [0, 0, 0.2, 1], "rotation": 90, "texture": "#5"},
				"up": {"uv": [0, 0, 0.8, 1], "rotation": 180, "texture": "#5"},
				"down": {"uv": [0, 0, 0.8, 1], "texture": "#5"}
			}
		},
		{
			"from": [9, 0, 8.2],
			"to": [9.8, 0.2, 9.2],
			"rotation": {"angle": -22.5, "axis": "x", "origin": [0, 0, 0]},
			"faces": {
				"north": {"uv": [0, 0, 0.8, 0.2], "rotation": 180, "texture": "#9"},
				"east": {"uv": [0, 0, 0.2, 1], "rotation": 270, "texture": "#9"},
				"south": {"uv": [0, 0, 0.8, 0.2], "texture": "#9"},
				"west": {"uv": [0, 0, 0.2, 1], "rotation": 90, "texture": "#9"},
				"up": {"uv": [5, 6, 10, 9.8], "rotation": 90, "texture": "#9"},
				"down": {"uv": [0, 0, 0.8, 1], "texture": "#9"}
			}
		},
		{
			"from": [10, 0, 9.4],
			"to": [10.8, 0.2, 10.4],
			"rotation": {"angle": -22.5, "axis": "x", "origin": [0, 0, 0]},
			"faces": {
				"north": {"uv": [0, 0, 0.8, 0.2], "rotation": 180, "texture": "#5"},
				"east": {"uv": [0, 0, 0.2, 1], "rotation": 270, "texture": "#5"},
				"south": {"uv": [0, 0, 0.8, 0.2], "texture": "#5"},
				"west": {"uv": [0, 0, 0.2, 1], "rotation": 90, "texture": "#5"},
				"up": {"uv": [0, 0, 16, 16], "rotation": 180, "texture": "#5"},
				"down": {"uv": [0, 0, 0.8, 1], "texture": "#5"}
			}
		},
		{
			"from": [9, 0, 9.4],
			"to": [9.8, 0.2, 10.4],
			"rotation": {"angle": -22.5, "axis": "x", "origin": [0, 0, 0]},
			"faces": {
				"north": {"uv": [0, 0, 0.8, 0.2], "rotation": 180, "texture": "#6"},
				"east": {"uv": [0, 0, 0.2, 1], "rotation": 270, "texture": "#6"},
				"south": {"uv": [0, 0, 0.8, 0.2], "texture": "#6"},
				"west": {"uv": [0, 0, 0.2, 1], "rotation": 90, "texture": "#6"},
				"up": {"uv": [0, 0, 16, 16], "rotation": 180, "texture": "#6"},
				"down": {"uv": [0, 0, 0.8, 1], "texture": "#6"}
			}
		},
		{
			"from": [5.7, 0, 8.4],
			"to": [8.5, 0.2, 10.4],
			"rotation": {"angle": -22.5, "axis": "x", "origin": [0, 0, 0]},
			"faces": {
				"north": {"uv": [0, 0, 2.8, 0.2], "rotation": 180, "texture": "#3"},
				"east": {"uv": [0, 0, 0.2, 2], "rotation": 270, "texture": "#3"},
				"south": {"uv": [0, 0, 2.8, 0.2], "texture": "#3"},
				"west": {"uv": [0, 0, 0.2, 2], "rotation": 90, "texture": "#3"},
				"up": {"uv": [2, 5, 14, 10], "rotation": 180, "texture": "#3"},
				"down": {"uv": [0, 0, 2.8, 2], "texture": "#3"}
			}
		},
		{
			"from": [11, 0, 9.4],
			"to": [11.8, 0.2, 10.4],
			"rotation": {"angle": -22.5, "axis": "x", "origin": [0, 0, 0]},
			"faces": {
				"north": {"uv": [0, 0, 0.8, 0.2], "rotation": 180, "texture": "#7"},
				"east": {"uv": [0, 0, 0.2, 1], "rotation": 270, "texture": "#7"},
				"south": {"uv": [0, 0, 0.8, 0.2], "texture": "#7"},
				"west": {"uv": [0, 0, 0.2, 1], "rotation": 90, "texture": "#7"},
				"up": {"uv": [0, 0, 16, 16], "rotation": 180, "texture": "#7"},
				"down": {"uv": [0, 0, 0.8, 1], "texture": "#7"}
			}
		},
		{
			"from": [6, 8.3, 8.9],
			"to": [9, 9.8, 9.2],
			"rotation": {"angle": -22.5, "axis": "y", "origin": [0, 0, 0]},
			"faces": {
				"north": {"uv": [2, 5, 14, 10.5], "texture": "#3"},
				"east": {"uv": [0, 0, 0.3, 1.5], "texture": "#3"},
				"south": {"uv": [0, 0, 3, 1.5], "texture": "#3"},
				"west": {"uv": [0, 0, 0.3, 1.5], "texture": "#3"},
				"up": {"uv": [0, 0, 0.3, 3], "rotation": 270, "texture": "#3"},
				"down": {"uv": [0, 0, 0.3, 3], "rotation": 90, "texture": "#3"}
			}
		},
		{
			"from": [3, 0.3, 3.9],
			"to": [13.2, 1.8, 4.2],
			"faces": {
				"north": {"uv": [0, 0, 16, 16], "texture": "#2"},
				"east": {"uv": [0, 0, 0.3, 1.5], "texture": "#2"},
				"south": {"uv": [0, 0, 10.2, 1.5], "texture": "#2"},
				"west": {"uv": [0, 0, 0.3, 1.5], "texture": "#2"},
				"up": {"uv": [0, 0, 0.3, 10.2], "rotation": 270, "texture": "#2"},
				"down": {"uv": [0, 0, 0.3, 10.2], "rotation": 90, "texture": "#2"}
			}
		}
	]
}