{
    "__comment": "Model generated using MrCrayfish's Model Creator (https://mrcrayfish.com/tools?id=mc)",
    "textures": {
        "particle": "minecraft:block/red_concrete",
        "glass": "minecraft:block/glass",
        "color": "minecraft:block/red_concrete",
        "metal": "minecraft:block/iron_block",
        "base": "minecraft:block/anvil"
    },
    "elements": [
        {
            "from": [ 14, 1, 4 ], 
            "to": [ 16, 16, 12 ], 
            "faces": {
                "north": { "texture": "#metal", "uv": [ 1, 1, 3, 15 ] },
                "east": { "texture": "#metal", "uv": [ 1, 1, 9, 15 ] },
                "south": { "texture": "#metal", "uv": [ 1, 1, 3, 15 ] }
            }
        },
        {
            "from": [ 2, 1, 3 ], 
            "to": [ 4, 16, 13 ], 
            "faces": {
                "north": { "texture": "#color", "uv": [ 0, 0, 2, 15 ] },
                "east": { "texture": "#color", "uv": [ 0, 0, 10, 15 ] },
                "south": { "texture": "#color", "uv": [ 0, 0, 2, 15 ] },
                "west": { "texture": "#color", "uv": [ 0, 0, 10, 15 ] }
            }
        },
        {
            "from": [ 0, 0, 3 ], 
            "to": [ 16, 1, 13 ], 
            "faces": {
                "north": { "texture": "#base", "uv": [ 0, 0, 16, 1 ] },
                "east": { "texture": "#base", "uv": [ 0, 0, 10, 1 ] },
                "south": { "texture": "#base", "uv": [ 0, 0, 16, 1 ] },
                "west": { "texture": "#base", "uv": [ 0, 0, 10, 1 ] },
                "up": { "texture": "#base", "uv": [ 0, 0, 16, 10 ] },
                "down": { "texture": "#base", "uv": [ 0, 0, 16, 10 ] }
            }
        },
        {
            "from": [ 12, 1, 3 ], 
            "to": [ 14, 16, 13 ], 
            "faces": {
                "north": { "texture": "#color", "uv": [ 0, 0, 2, 15 ] },
                "east": { "texture": "#color", "uv": [ 0, 0, 10, 15 ] },
                "south": { "texture": "#color", "uv": [ 0, 0, 2, 15 ] },
                "west": { "texture": "#color", "uv": [ 0, 0, 10, 15 ] }
            }
        },
        {
            "from": [ 4, 1, 3 ], 
            "to": [ 12, 3, 13 ], 
            "faces": {
                "north": { "texture": "#color", "uv": [ 2, 13, 10, 15 ] },
                "south": { "texture": "#color", "uv": [ 2, 13, 10, 15 ] },
                "up": { "texture": "#color", "uv": [ 0, 0, 8, 10 ] }
            }
        },
        {
            "from": [ 4, 14, 3 ], 
            "to": [ 12, 16, 13 ], 
            "faces": {
                "north": { "texture": "#color", "uv": [ 2, 0, 10, 2 ] },
                "south": { "texture": "#color", "uv": [ 2, 0, 10, 2 ] },
                "down": { "texture": "#color", "uv": [ 0, 0, 8, 10 ] }
            }
        },
        {
            "from": [ 0, 1, 4 ], 
            "to": [ 2, 16, 12 ], 
            "faces": {
                "north": { "texture": "#metal", "uv": [ 1, 1, 3, 15 ] },
                "south": { "texture": "#metal", "uv": [ 1, 1, 3, 15 ] },
                "west": { "texture": "#metal", "uv": [ 1, 1, 9, 15 ] }
            }
        },
        {
            "from": [ 4, 3.8, 3 ], 
            "to": [ 11.2, 14, 13 ], 
            "faces": {
                "north": { "texture": "#glass", "uv": [ 7, 0, 16, 13 ] },
                "south": { "texture": "#glass", "uv": [ 0, 0, 9, 13 ] }
            }
        },
        {
            "from": [ 11.2, 3, 3 ], 
            "to": [ 12, 14, 13 ], 
            "faces": {
                "north": { "texture": "#glass", "uv": [ 0, 0, 1, 14 ] },
                "south": { "texture": "#glass", "uv": [ 15, 0, 16, 14 ] }
            }
        },
        {
            "from": [ 4, 3, 3 ], 
            "to": [ 11.2, 3.8, 13 ], 
            "faces": {
                "north": { "texture": "#glass", "uv": [ 7, 15, 16, 16 ] },
                "south": { "texture": "#glass", "uv": [ 0, 15, 9, 16 ] }
            }
        }
    ]
}