{
    "__comment": "Model generated using MrCrayfish's Model Creator (https://mrcrayfish.com/tools?id=mc)",
    "textures": {
        "handle": "minecraft:block/light_gray_concrete",
        "detail": "minecraft:block/anvil",
        "base": "minecraft:block/red_concrete"
    },
    "display": {
        "gui": {
            "rotation": [ 30, 45, 0 ],
            "translation": [ 0, 2, 0 ],
            "scale": [ 0.9, 0.9, 0.9 ]
        },
        "ground": {
            "rotation": [ 0, 0, 0 ],
            "translation": [ 0, 3, 0 ],
            "scale": [ 0.9, 0.9, 0.9 ]
        },
        "fixed": {
            "rotation": [ 0, 270, 0 ],
            "translation": [ 0, 2, 0 ],
            "scale": [ 1, 1, 1 ]
        },
        "firstperson_righthand": {
            "rotation": [ 0, 180, 0 ],
            "translation": [ 0, 2.5, 0 ],
            "scale": [ 0.625, 0.625, 0.625 ]
        },
        "thirdperson_righthand": {
            "rotation": [ 75, 180, 0 ],
            "translation": [ 0, 0, -0.5 ],
            "scale": [ 0.9, 0.9, 0.9 ]
        }
    },
    "elements": [
        {
            "from": [ 5, 1, 2 ], 
            "to": [ 11, 6, 14 ], 
            "faces": {
                "north": { "texture": "#base", "uv": [ 0, 0, 6, 5 ] },
                "east": { "texture": "#base", "uv": [ 0, 0, 12, 5 ] },
                "south": { "texture": "#base", "uv": [ 0, 0, 6, 5 ] },
                "west": { "texture": "#base", "uv": [ 0, 0, 12, 5 ] },
                "up": { "texture": "#base", "uv": [ 0, 0, 6, 12 ] },
                "down": { "texture": "#base", "uv": [ 0, 0, 6, 12 ] }
            }
        },
        {
            "from": [ 5, 3, 5 ], 
            "to": [ 11, 6, 10.1 ], 
            "rotation": { "origin": [ 8.0, 6.0, 5.0 ], "axis": "x", "angle": -45.0 },
            "faces": {
                "north": { "texture": "#base", "uv": [ 0, 0, 6, 3 ] },
                "east": { "texture": "#base", "uv": [ 0, 0, 5.1, 3 ] },
                "south": { "texture": "#base", "uv": [ 0, 0, 6, 3 ] },
                "west": { "texture": "#base", "uv": [ 0, 0, 5.1, 3 ] },
                "up": { "texture": "#base", "uv": [ 0, 0, 6, 5.1 ] }
            }
        },
        {
            "from": [ 5, 6, 8.6 ], 
            "to": [ 11, 9.6, 10.4 ], 
            "faces": {
                "north": { "texture": "#base", "uv": [ 0, 0, 6, 3.6 ] },
                "east": { "texture": "#base", "uv": [ 0, 0, 1.8, 3.6 ] },
                "south": { "texture": "#base", "uv": [ 0, 0, 6, 3.6 ] },
                "west": { "texture": "#base", "uv": [ 0, 0, 1.8, 3.6 ] },
                "up": { "texture": "#base", "uv": [ 0, 0, 6, 1.8 ] }
            }
        },
        {
            "from": [ 5, 3, 8.9 ], 
            "to": [ 11, 6, 14 ], 
            "rotation": { "origin": [ 8.0, 6.0, 14.0 ], "axis": "x", "angle": 45.0 },
            "faces": {
                "north": { "texture": "#base", "uv": [ 0, 0, 6, 3 ] },
                "east": { "texture": "#base", "uv": [ 0, 0, 5.1, 3 ] },
                "south": { "texture": "#base", "uv": [ 0, 0, 6, 3 ] },
                "west": { "texture": "#base", "uv": [ 0, 0, 5.1, 3 ] },
                "up": { "texture": "#base", "uv": [ 0, 0, 6, 5.1 ] },
                "down": { "texture": "#base", "uv": [ 0, 0, 6, 5.1 ] }
            }
        },
        {
            "from": [ 7, 6, 10.5 ], 
            "to": [ 9, 6.5, 12.5 ], 
            "rotation": { "origin": [ 8.0, 6.0, 14.0 ], "axis": "x", "angle": 45.0 },
            "faces": {
                "north": { "texture": "#detail", "uv": [ 0, 0, 2, 0.5 ] },
                "east": { "texture": "#detail", "uv": [ 0, 0, 2, 0.5 ] },
                "south": { "texture": "#detail", "uv": [ 0, 0, 2, 0.5 ] },
                "west": { "texture": "#detail", "uv": [ 0, 0, 2, 0.5 ] },
                "up": { "texture": "#detail", "uv": [ 0, 0, 2, 2 ] }
            }
        },
        {
            "from": [ 7.4, 6.5, 10.9 ], 
            "to": [ 8.6, 9, 12.1 ], 
            "rotation": { "origin": [ 8.0, 6.0, 14.0 ], "axis": "x", "angle": 45.0 },
            "faces": {
                "north": { "texture": "#handle", "uv": [ 0, 0, 1.2, 2.5 ] },
                "east": { "texture": "#handle", "uv": [ 0, 0, 1.2, 2.5 ] },
                "south": { "texture": "#handle", "uv": [ 0, 0, 1.2, 2.5 ] },
                "west": { "texture": "#handle", "uv": [ 0, 0, 1.2, 2.5 ] },
                "up": { "texture": "#handle", "uv": [ 0, 0, 1.2, 1.2 ] }
            }
        },
        {
            "from": [ 7.4, 9.1, 13.9 ], 
            "to": [ 8.6, 10.3, 16.4 ], 
            "rotation": { "origin": [ 8.0, 10.300000004470348, 13.899999998509884 ], "axis": "x", "angle": -22.5 },
            "faces": {
                "east": { "texture": "#handle", "uv": [ 0, 0, 2.5, 1.2 ] },
                "south": { "texture": "#handle", "uv": [ 0, 0, 1.2, 1.2 ] },
                "west": { "texture": "#handle", "uv": [ 0, 0, 2.5, 1.2 ] },
                "up": { "texture": "#handle", "uv": [ 0, 0, 1.2, 2.5 ] },
                "down": { "texture": "#handle", "uv": [ 0, 0, 1.2, 2.5 ] }
            }
        },
        {
            "from": [ 7.4, 6, 2 ], 
            "to": [ 8.6, 8, 3.2 ], 
            "faces": {
                "north": { "texture": "#handle", "uv": [ 0, 0, 1.2, 2 ] },
                "east": { "texture": "#handle", "uv": [ 0, 0, 1.2, 2 ] },
                "south": { "texture": "#handle", "uv": [ 0, 0, 1.2, 2 ] },
                "west": { "texture": "#handle", "uv": [ 0, 0, 1.2, 2 ] },
                "up": { "texture": "#handle", "uv": [ 0, 0, 1.2, 1.2 ] }
            }
        },
        {
            "from": [ 7.4, 8, 2 ], 
            "to": [ 8.6, 10.3, 3.2 ], 
            "rotation": { "origin": [ 8.0, 8.0, 2.0 ], "axis": "x", "angle": 45.0 },
            "faces": {
                "north": { "texture": "#handle", "uv": [ 0, 0, 1.2, 2.3 ] },
                "east": { "texture": "#handle", "uv": [ 0, 0, 1.2, 2.3 ] },
                "south": { "texture": "#handle", "uv": [ 0, 0, 1.2, 2.3 ] },
                "west": { "texture": "#handle", "uv": [ 0, 0, 1.2, 2.3 ] },
                "up": { "texture": "#handle", "uv": [ 0, 0, 1.2, 1.2 ] },
                "down": { "texture": "#handle", "uv": [ 0, 0, 1.2, 1.2 ] }
            }
        },
        {
            "from": [ 7.4, 8.4, 3.6 ], 
            "to": [ 8.6, 9.6, 8.6 ], 
            "faces": {
                "north": { "texture": "#handle", "uv": [ 0, 0, 1.2, 1.2 ] },
                "east": { "texture": "#handle", "uv": [ 0, 0, 5, 1.2 ] },
                "west": { "texture": "#handle", "uv": [ 0, 0, 5, 1.2 ] },
                "up": { "texture": "#handle", "uv": [ 0, 0, 1.2, 5 ] },
                "down": { "texture": "#handle", "uv": [ 0, 0, 1.2, 5 ] }
            }
        },
        {
            "from": [ 5, 0, 3 ], 
            "to": [ 11, 1, 13 ], 
            "faces": {
                "north": { "texture": "#base", "uv": [ 0, 0, 6, 1 ] },
                "east": { "texture": "#base", "uv": [ 0, 0, 10, 1 ] },
                "south": { "texture": "#base", "uv": [ 0, 0, 6, 1 ] },
                "west": { "texture": "#base", "uv": [ 0, 0, 10, 1 ] },
                "down": { "texture": "#base", "uv": [ 0, 0, 6, 10 ] }
            }
        },
        {
            "from": [ 5, -0.4, 2 ], 
            "to": [ 11, 1, 3 ], 
            "rotation": { "origin": [ 8.0, 1.0, 2.0 ], "axis": "x", "angle": -45.0 },
            "faces": {
                "north": { "texture": "#base", "uv": [ 0, 0, 6, 1.4 ] },
                "east": { "texture": "#base", "uv": [ 0, 0, 1, 1.4 ] },
                "south": { "texture": "#base", "uv": [ 0, 0, 6, 1.4 ] },
                "west": { "texture": "#base", "uv": [ 0, 0, 1, 1.4 ] },
                "up": { "texture": "#base", "uv": [ 0, 0, 6, 1 ] },
                "down": { "texture": "#base", "uv": [ 0, 0, 6, 1 ] }
            }
        },
        {
            "from": [ 5, -0.4, 2 ], 
            "to": [ 11, 1, 3 ], 
            "rotation": { "origin": [ 8.0, 1.0, 2.0 ], "axis": "x", "angle": -45.0 },
            "faces": {
                "north": { "texture": "#base", "uv": [ 0, 0, 6, 1.4 ] },
                "east": { "texture": "#base", "uv": [ 0, 0, 1, 1.4 ] },
                "south": { "texture": "#base", "uv": [ 0, 0, 6, 1.4 ] },
                "west": { "texture": "#base", "uv": [ 0, 0, 1, 1.4 ] },
                "up": { "texture": "#base", "uv": [ 0, 0, 6, 1 ] },
                "down": { "texture": "#base", "uv": [ 0, 0, 6, 1 ] }
            }
        },
        {
            "from": [ 5, -0.4, 13 ], 
            "to": [ 11, 1, 14 ], 
            "rotation": { "origin": [ 8.0, 1.0, 14.0 ], "axis": "x", "angle": 45.0 },
            "faces": {
                "north": { "texture": "#base", "uv": [ 0, 0, 6, 1.4 ] },
                "east": { "texture": "#base", "uv": [ 0, 0, 1, 1.4 ] },
                "south": { "texture": "#base", "uv": [ 0, 0, 6, 1.4 ] },
                "west": { "texture": "#base", "uv": [ 0, 0, 1, 1.4 ] },
                "up": { "texture": "#base", "uv": [ 0, 0, 6, 1 ] },
                "down": { "texture": "#base", "uv": [ 0, 0, 6, 1 ] }
            }
        }
    ]
}