{
	"credit": "Made with Blockbench",
	"textures": {
		"0": "minecraft:block/cyan_concrete",
		"2": "minecraft:block/iron_block",
		"3": "minecraft:block/light_blue_glazed_terracotta",
		"4": "minecraft:block/brown_concrete_powder",
		"6": "minecraft:block/gold_block",
		"7": "minecraft:block/light_blue_concrete_powder",
		"particle": "minecraft:block/cyan_concrete"
	},
	"elements": [
		{
			"from": [5, 0, 6],
			"to": [10, 2, 11],
			"faces": {
				"north": {"uv": [0, 0, 6, 4], "texture": "#7"},
				"east": {"uv": [0, 0, 6, 4], "texture": "#7"},
				"south": {"uv": [0, 0, 6, 4], "texture": "#7"},
				"west": {"uv": [0, 0, 6, 4], "texture": "#7"},
				"up": {"uv": [0, 0, 6, 4], "texture": "#7"},
				"down": {"uv": [0, 0, 6, 4], "texture": "#7"}
			}
		},
		{
			"from": [6, 2, 7],
			"to": [9, 5, 10],
			"faces": {
				"north": {"uv": [0, 0, 3, 3], "texture": "#7"},
				"east": {"uv": [0, 0, 3, 3], "texture": "#7"},
				"south": {"uv": [0, 0, 3, 3], "texture": "#7"},
				"west": {"uv": [0, 0, 3, 3], "texture": "#7"},
				"up": {"uv": [0, 0, 3, 3], "texture": "#7"},
				"down": {"uv": [0, 0, 3, 3], "texture": "#7"}
			}
		},
		{
			"from": [7, 5, 8],
			"to": [8, 13, 9],
			"faces": {
				"north": {"uv": [0, 0, 1, 8], "texture": "#2"},
				"east": {"uv": [0, 0, 1, 8], "texture": "#2"},
				"south": {"uv": [3, 8, 0, 16], "texture": "#2"},
				"west": {"uv": [0, 0, 1, 8], "texture": "#2"},
				"up": {"uv": [0, 0, 1, 1], "texture": "#2"},
				"down": {"uv": [0, 0, 1, 1], "texture": "#2"}
			}
		},
		{
			"from": [6, 9, 7],
			"to": [9, 10, 10],
			"faces": {
				"north": {"uv": [0, 0, 3, 1], "texture": "#2"},
				"east": {"uv": [0, 0, 3, 1], "texture": "#2"},
				"south": {"uv": [0, 0, 16, 1], "texture": "#2"},
				"west": {"uv": [0, 0, 3, 1], "texture": "#2"},
				"up": {"uv": [0, 0, 3, 3], "texture": "#2"},
				"down": {"uv": [0, 0, 3, 3], "texture": "#2"}
			}
		},
		{
			"from": [5, 10, 8],
			"to": [6, 11, 9],
			"faces": {
				"north": {"uv": [0, 0, 1, 1], "texture": "#2"},
				"east": {"uv": [0, 0, 1, 1], "texture": "#2"},
				"south": {"uv": [0, 0, 1, 1], "texture": "#2"},
				"west": {"uv": [0, 0, 16, 1], "texture": "#2"},
				"up": {"uv": [0, 0, 1, 1], "texture": "#2"},
				"down": {"uv": [0, 0, 1, 1], "texture": "#2"}
			}
		},
		{
			"from": [9, 10, 8],
			"to": [10, 11, 9],
			"faces": {
				"north": {"uv": [0, 0, 1, 1], "texture": "#2"},
				"east": {"uv": [0, 0, 1, 1], "texture": "#2"},
				"south": {"uv": [0, 0, 1, 1], "texture": "#2"},
				"west": {"uv": [0, 0, 1, 1], "texture": "#2"},
				"up": {"uv": [0, 0, 16, 1], "texture": "#2"},
				"down": {"uv": [0, 0, 1, 1], "texture": "#2"}
			}
		},
		{
			"from": [10, 11, 8],
			"to": [11, 12, 9],
			"faces": {
				"north": {"uv": [5, 2, 6, 3], "texture": "#3"},
				"east": {"uv": [5, 2, 6, 3], "texture": "#3"},
				"south": {"uv": [5, 2, 6, 3], "texture": "#3"},
				"west": {"uv": [5, 2, 6, 3], "texture": "#3"},
				"up": {"uv": [5, 2, 6, 3], "texture": "#3"},
				"down": {"uv": [5, 2, 6, 3], "texture": "#3"}
			}
		},
		{
			"from": [11, 11, 8],
			"to": [12, 12, 9],
			"faces": {
				"north": {"uv": [0, 0, 1, 1], "texture": "#0"},
				"east": {"uv": [0, 0, 1, 1], "texture": "#0"},
				"south": {"uv": [0, 0, 16, 16], "texture": "#0"},
				"west": {"uv": [0, 0, 1, 1], "texture": "#0"},
				"up": {"uv": [0, 0, 1, 1], "texture": "#0"},
				"down": {"uv": [0, 0, 1, 1], "texture": "#0"}
			}
		},
		{
			"from": [12, 10, 8],
			"to": [13, 11, 9],
			"faces": {
				"north": {"uv": [5, 3, 6, 4], "texture": "#3"},
				"east": {"uv": [5, 3, 6, 4], "texture": "#3"},
				"south": {"uv": [5, 3, 6, 4], "texture": "#3"},
				"west": {"uv": [5, 3, 6, 4], "texture": "#3"},
				"up": {"uv": [5, 3, 6, 4], "texture": "#3"},
				"down": {"uv": [5, 3, 6, 4], "texture": "#3"}
			}
		},
		{
			"from": [13, 9, 8],
			"to": [14, 10, 9],
			"faces": {
				"north": {"uv": [0, 0, 1, 1], "texture": "#0"},
				"east": {"uv": [0, 0, 1, 1], "texture": "#0"},
				"south": {"uv": [0, 0, 1, 1], "texture": "#0"},
				"west": {"uv": [0, 0, 1, 1], "texture": "#0"},
				"up": {"uv": [0, 0, 1, 1], "texture": "#0"},
				"down": {"uv": [0, 0, 1, 1], "texture": "#0"}
			}
		},
		{
			"from": [13, 8, 8],
			"to": [14, 9, 9],
			"faces": {
				"north": {"uv": [5, 3, 6, 4], "texture": "#3"},
				"east": {"uv": [5, 3, 6, 4], "texture": "#3"},
				"south": {"uv": [5, 3, 6, 4], "texture": "#3"},
				"west": {"uv": [5, 3, 6, 4], "texture": "#3"},
				"up": {"uv": [5, 3, 6, 4], "texture": "#3"},
				"down": {"uv": [5, 3, 6, 4], "texture": "#3"}
			}
		},
		{
			"from": [12, 6, 9],
			"to": [13, 7, 10],
			"faces": {
				"north": {"uv": [5, 3, 6, 4], "texture": "#3"},
				"east": {"uv": [5, 3, 6, 4], "texture": "#3"},
				"south": {"uv": [5, 3, 6, 4], "texture": "#3"},
				"west": {"uv": [5, 3, 6, 4], "texture": "#3"},
				"up": {"uv": [5, 3, 6, 4], "texture": "#3"},
				"down": {"uv": [5, 3, 6, 4], "texture": "#3"}
			}
		},
		{
			"from": [12, 7, 9],
			"to": [13, 8, 10],
			"rotation": {"angle": 0, "axis": "y", "origin": [12.5, 6.5, 9.5]},
			"faces": {
				"north": {"uv": [0, 0, 1, 1], "texture": "#0"},
				"east": {"uv": [0, 0, 1, 1], "texture": "#0"},
				"south": {"uv": [0, 0, 1, 1], "texture": "#0"},
				"west": {"uv": [0, 0, 1, 1], "texture": "#0"},
				"up": {"uv": [0, 0, 1, 1], "texture": "#0"},
				"down": {"uv": [0, 0, 1, 1], "texture": "#0"}
			}
		},
		{
			"from": [11, 6, 10],
			"to": [12, 5, 9],
			"faces": {
				"north": {"uv": [0, 0, 1, 0], "texture": "#0"},
				"east": {"uv": [0, 0, 0, 0], "texture": "#0"},
				"south": {"uv": [0, 0, 1, 0], "texture": "#0"},
				"west": {"uv": [0, 0, 0, 0], "texture": "#0"},
				"up": {"uv": [0, 0, 1, 0], "texture": "#0"},
				"down": {"uv": [0, 0, 1, 0], "texture": "#0"}
			}
		},
		{
			"from": [10, 4, 9],
			"to": [11, 5, 10],
			"faces": {
				"north": {"uv": [5, 3, 6, 4], "texture": "#3"},
				"east": {"uv": [5, 3, 6, 4], "texture": "#3"},
				"south": {"uv": [5, 3, 6, 4], "texture": "#3"},
				"west": {"uv": [5, 3, 6, 4], "texture": "#3"},
				"up": {"uv": [5, 3, 6, 4], "texture": "#3"},
				"down": {"uv": [5, 3, 6, 4], "texture": "#3"}
			}
		},
		{
			"from": [10, 4, 10],
			"to": [11, 5, 11],
			"faces": {
				"north": {"uv": [0, 0, 1, 1], "texture": "#6"},
				"east": {"uv": [0, 0, 1, 1], "texture": "#6"},
				"south": {"uv": [0, 0, 1, 1], "texture": "#6"},
				"west": {"uv": [0, 0, 1, 1], "texture": "#6"},
				"up": {"uv": [0, 0, 1, 1], "texture": "#6"},
				"down": {"uv": [0, 0, 1, 1], "texture": "#6"}
			}
		},
		{
			"from": [9, 3, 10],
			"to": [10, 4, 11],
			"faces": {
				"north": {"uv": [0, 0, 1, 1], "texture": "#6"},
				"east": {"uv": [0, 0, 1, 1], "texture": "#6"},
				"south": {"uv": [0, 0, 1, 1], "texture": "#6"},
				"west": {"uv": [0, 0, 1, 1], "texture": "#6"},
				"up": {"uv": [0, 0, 1, 1], "texture": "#6"},
				"down": {"uv": [0, 0, 1, 1], "texture": "#6"}
			}
		},
		{
			"from": [8, 2, 10],
			"to": [9, 3, 11],
			"faces": {
				"north": {"uv": [0, 0, 5, 1], "texture": "#2"},
				"east": {"uv": [0, 0, 5, 1], "texture": "#2"},
				"south": {"uv": [0, 0, 5, 1], "texture": "#2"},
				"west": {"uv": [0, 0, 5, 1], "texture": "#2"},
				"up": {"uv": [0, 0, 5, 1], "texture": "#2"},
				"down": {"uv": [0, 0, 5, 1], "texture": "#2"}
			}
		},
		{
			"from": [5, 13, 6],
			"to": [10, 14, 11],
			"faces": {
				"north": {"uv": [0, 0, 5, 1], "texture": "#2"},
				"east": {"uv": [0, 0, 5, 1], "texture": "#2"},
				"south": {"uv": [0, 0, 5, 1], "texture": "#2"},
				"west": {"uv": [0, 0, 5, 1], "texture": "#2"},
				"up": {"uv": [0, 0, 16, 1], "texture": "#2"},
				"down": {"uv": [0, 0, 5, 5], "texture": "#2"}
			}
		},
		{
			"from": [6, 14, 7],
			"to": [9, 16, 10],
			"faces": {
				"north": {"uv": [0, 0, 3, 2], "texture": "#4"},
				"east": {"uv": [0, 0, 3, 2], "texture": "#4"},
				"south": {"uv": [3, 1, 8, 4], "texture": "#4"},
				"west": {"uv": [0, 0, 3, 2], "texture": "#4"},
				"up": {"uv": [0, 0, 3, 3], "texture": "#4"},
				"down": {"uv": [0, 0, 3, 3], "texture": "#4"}
			}
		}
	],
	"display": {
		"thirdperson_righthand": {
			"rotation": [0, 180, 0],
			"translation": [0, 0.5, 1.75]
		}
	}
}