{
	"credit": "Made with Blockbench",
	"textures": {
		"0": "block/iron_block",
		"1": "block/red_concrete",
		"3": "block/anvil",
		"4": "block/black_concrete",
		"particle": "block/red_concrete"
	},
	"elements": [
		{
			"name": "base_2",
			"from": [0, 0, 4],
			"to": [16, 13, 12],
			"faces": {
				"north": {"uv": [1, 1, 15, 13], "texture": "#0"},
				"east": {"uv": [1, 1, 9, 13], "texture": "#0"},
				"south": {"uv": [1, 1, 15, 13], "texture": "#0"},
				"west": {"uv": [1, 1, 9, 13], "texture": "#0"},
				"up": {"uv": [1, 1, 15, 9], "texture": "#0"}
			}
		},
		{
			"name": "base_4",
			"from": [2, 0, 3],
			"to": [14, 15, 13],
			"faces": {
				"north": {"uv": [0, 0, 12, 15], "texture": "#1"},
				"east": {"uv": [0, 0, 10, 15], "texture": "#1"},
				"south": {"uv": [0, 0, 12, 15], "texture": "#1"},
				"west": {"uv": [0, 0, 10, 15], "texture": "#1"},
				"up": {"uv": [0, 0, 12, 10], "texture": "#1"}
			}
		},
		{
			"name": "screen_border_1",
			"from": [3, 11, 13],
			"to": [13, 12, 13.3],
			"faces": {
				"east": {"uv": [0, 0, 0.3, 1], "texture": "#3"},
				"south": {"uv": [0, 0, 10, 1], "texture": "#3"},
				"west": {"uv": [0, 0, 0.3, 1], "texture": "#3"},
				"up": {"uv": [0, 0, 10, 0.3], "texture": "#3"},
				"down": {"uv": [0, 0, 10, 0.3], "texture": "#3"}
			}
		},
		{
			"name": "screen_border_2",
			"from": [3, 5, 13],
			"to": [13, 6, 13.3],
			"faces": {
				"east": {"uv": [0, 0, 0.3, 1], "texture": "#3"},
				"south": {"uv": [0, 0, 10, 1], "texture": "#3"},
				"west": {"uv": [0, 0, 0.3, 1], "texture": "#3"},
				"up": {"uv": [0, 0, 10, 0.3], "texture": "#3"},
				"down": {"uv": [0, 0, 10, 0.3], "texture": "#3"}
			}
		},
		{
			"name": "screen_border_3",
			"from": [3, 6, 13],
			"to": [4, 11, 13.3],
			"faces": {
				"east": {"uv": [0, 0, 0.3, 5], "texture": "#3"},
				"south": {"uv": [1, 0, 2, 5], "texture": "#3"},
				"west": {"uv": [0, 0, 0.3, 5], "texture": "#3"}
			}
		},
		{
			"name": "screen_border_4",
			"from": [12, 6, 13],
			"to": [13, 11, 13.3],
			"faces": {
				"east": {"uv": [0, 0, 0.3, 5], "texture": "#3"},
				"south": {"uv": [11, 1, 12, 6], "texture": "#3"},
				"west": {"uv": [0, 0, 0.3, 5], "texture": "#3"}
			}
		},
		{
			"name": "screen",
			"from": [4, 6, 13],
			"to": [12, 11, 13.1],
			"faces": {
				"south": {"uv": [0, 0, 8, 5], "texture": "#4"}
			}
		},
		{
			"name": "valve_1",
			"from": [16, 10.5, 5],
			"to": [18, 12, 6.5],
			"faces": {
				"north": {"uv": [0, 0, 2, 1.5], "texture": "#3"},
				"east": {"uv": [0, 0, 1.5, 1.5], "texture": "#3"},
				"south": {"uv": [0, 0, 2, 1.5], "texture": "#3"},
				"up": {"uv": [0, 0, 2, 1.5], "texture": "#3"},
				"down": {"uv": [0, 0, 2, 1.5], "texture": "#3"}
			}
		},
		{
			"name": "valve_2",
			"from": [16.5, 9.5, 5],
			"to": [18, 10.5, 6.5],
			"faces": {
				"north": {"uv": [0, 0, 1.5, 1], "texture": "#3"},
				"east": {"uv": [0, 0, 1.5, 1], "texture": "#3"},
				"south": {"uv": [0, 0, 1.5, 1], "texture": "#3"},
				"west": {"uv": [0, 0, 1.5, 1], "texture": "#3"},
				"down": {"uv": [0, 0, 1.5, 1.5], "texture": "#3"}
			}
		},
		{
			"name": "nozzle_mount_1",
			"from": [16, 5.4, 7.6],
			"to": [18, 6.4, 9.6],
			"faces": {
				"north": {"uv": [0, 0, 2, 1], "texture": "#3"},
				"east": {"uv": [0, 0, 2, 1], "texture": "#3"},
				"south": {"uv": [0, 0, 2, 1], "texture": "#3"},
				"up": {"uv": [0, 0, 2, 2], "texture": "#3"},
				"down": {"uv": [0, 0, 2, 2], "texture": "#3"}
			}
		},
		{
			"name": "nozzle_mount_2",
			"from": [18, 6.4, 7.6],
			"to": [19, 7.4, 9.6],
			"faces": {
				"north": {"uv": [0, 0, 1, 1], "texture": "#3"},
				"east": {"uv": [0, 0, 2, 1], "texture": "#3"},
				"south": {"uv": [0, 0, 1, 1], "texture": "#3"},
				"west": {"uv": [0, 0, 2, 1], "texture": "#3"},
				"up": {"uv": [0, 0, 1, 2], "texture": "#3"}
			}
		},
		{
			"name": "nozzle_mount_3",
			"from": [18, 5.4, 7.6],
			"to": [19.415, 6.4, 9.6],
			"rotation": {"angle": 45, "axis": "z", "origin": [18, 5.4, 8]},
			"faces": {
				"north": {"uv": [0, 0, 1.415, 1], "texture": "#3"},
				"south": {"uv": [0, 0, 1.415, 1], "texture": "#3"},
				"up": {"uv": [0, 0, 1.415, 2], "texture": "#3"},
				"down": {"uv": [0, 0, 1.415, 2], "texture": "#3"}
			}
		}
	],
	"display": {
		"thirdperson_righthand": {
			"rotation": [75, 45, 0],
			"translation": [0, 2.5, 0],
			"scale": [0.375, 0.375, 0.375]
		},
		"firstperson_righthand": {
			"rotation": [0, 45, 0],
			"translation": [0, 2.5, 0],
			"scale": [0.4, 0.4, 0.4]
		},
		"ground": {
			"translation": [0, 3, 0],
			"scale": [0.25, 0.25, 0.25]
		},
		"gui": {
			"rotation": [30, 225, 0],
			"scale": [0.625, 0.625, 0.625]
		},
		"fixed": {
			"scale": [0.5, 0.5, 0.5]
		}
	}
}