{
	"parent": "item/handheld",
	"textures": {
		"layer0": "item/salmon"
	},
	
	"overrides": [
		{"predicate": {"custom_model_data":1}, "model": "item/salmon/1"},
		{"predicate": {"custom_model_data":2}, "model": "item/salmon/2"},
		{"predicate": {"custom_model_data":3}, "model": "item/salmon/3"},
		{"predicate": {"custom_model_data":4}, "model": "item/salmon/4"},
		{"predicate": {"custom_model_data":5}, "model": "item/salmon/5"},
		{"predicate": {"custom_model_data":6}, "model": "item/salmon/6"},
		{"predicate": {"custom_model_data":7}, "model": "item/salmon/7"},
		{"predicate": {"custom_model_data":8}, "model": "item/salmon/8"},
		{"predicate": {"custom_model_data":9}, "model": "item/salmon/9"},
		{"predicate": {"custom_model_data":10}, "model": "item/salmon/10"},
		{"predicate": {"custom_model_data":11}, "model": "item/salmon/11"},
		{"predicate": {"custom_model_data":12}, "model": "item/salmon/12"},
		{"predicate": {"custom_model_data":13}, "model": "item/salmon/13"},
		{"predicate": {"custom_model_data":14}, "model": "item/salmon/14"},
		{"predicate": {"custom_model_data":15}, "model": "item/salmon/15"}
	]
}