{
	"credit": "Made with Blockbench",
	"textures": {
		"3": "minecraft:block/black_concrete_powder",
		"particle": "minecraft:block/black_wool"
	},
	"elements": [
		{
			"from": [7, 0, 8],
			"to": [8, 13, 9],
			"faces": {
				"north": {"uv": [0, 0, 1, 13], "texture": "#3"},
				"east": {"uv": [9, 0, 10, 13], "texture": "#3"},
				"south": {"uv": [0, 0, 1, 13], "texture": "#3"},
				"west": {"uv": [0, 0, 1, 13], "texture": "#3"},
				"up": {"uv": [0, 0, 1, 1], "texture": "#3"},
				"down": {"uv": [0, 0, 1, 1], "texture": "#3"}
			}
		},
		{
			"from": [7, 2, 6],
			"to": [8, 3, 8],
			"faces": {
				"north": {"uv": [0, 0, 1, 1], "texture": "#3"},
				"east": {"uv": [0, 0, 2, 1], "texture": "#3"},
				"south": {"uv": [0, 0, 1, 1], "texture": "#3"},
				"west": {"uv": [0, 0, 2, 1], "texture": "#3"},
				"up": {"uv": [0, 0, 1, 2], "texture": "#3"},
				"down": {"uv": [0, 0, 1, 2], "texture": "#3"}
			}
		}
	],
	"display": {
		"thirdperson_righthand": {
			"translation": [0.75, 5.25, -0.5]
		},
		"thirdperson_lefthand": {
			"translation": [-0.25, 3.75, -0.25]
		},
		"firstperson_righthand": {
			"rotation": [0, 180, -6],
			"translation": [0, 5.25, 0]
		},
		"firstperson_lefthand": {
			"rotation": [0, 180, -6],
			"translation": [0, 5.25, 0]
		},
		"ground": {
			"rotation": [31, 0, 0],
			"translation": [0.75, 0, 0]
		},
		"fixed": {
			"rotation": [0, 91, 0],
			"translation": [0, 0, -1.5],
			"scale": [1, 1.21, 1]
		}
	}
}