{
 "providers":
   [
     {
	   "type":"bitmap",
	   "file":"along:font/phone.png",
	   "ascent":18,
	   "height":256,
	   "chars":["\u3200"]
	 },
	 {
	   "type":"bitmap",
	   "file":"along:font/space_split.png",
	   "ascent":-32768,
	   "height":-6,
	   "chars":["\u3201"]
	 },
	 {
	   "type":"bitmap",
	   "file":"along:font/crypto_menu.png",
	   "ascent":18,
	   "height":256,
	   "chars":["\u3202"]
	 },
	 {
	   "type":"bitmap",
	   "file":"along:font/eth.png",
	   "ascent":18,
	   "height":256,
	   "chars":["\u2509"]
	 },
	 {
	   "type":"bitmap",
	   "file":"along:font/btc.png",
	   "ascent":18,
	   "height":256,
	   "chars":["\u2508"]
	 },
	 {
	   "type":"bitmap",
	   "file":"along:font/usdt.png",
	   "ascent":18,
	   "height":256,
	   "chars":["\u2507"]
	 },
	 {
	   "type":"bitmap",
	   "file":"along:font/name.png",
	   "ascent":18,
	   "height":256,
	   "chars":["\u2382"]
	 },
	 {
	   "type":"bitmap",
	   "file":"along:font/bbva.png",
	   "ascent":18,
	   "height":256,
	   "chars":["\u2383"]
	 },
	 {
	   "type":"bitmap",
	   "file":"along:font/onlinecajero.png",
	   "ascent":18,
	   "height":256,
	   "chars":["\u237E"]
	 },
	 {
	   "type":"bitmap",
	   "file":"along:font/atm1.png",
	   "ascent":18,
	   "height":256,
	   "chars":["\u19F9"]
	 },
	 {
	   "type":"bitmap",
	   "file":"along:font/ingresar.png",
	   "ascent":18,
	   "height":256,
	   "chars":["\u19FA"]
	 },
	 {
	   "type":"bitmap",
	   "file":"along:font/retirar.png",
	   "ascent":18,
	   "height":256,
	   "chars":["\u19FB"]
	 }
   ]
}